,Species,Haplotype,Locus,GeneType,Label,Contig,Pos,LocusPos,Strand,Sequence,Productive,IsSpeciesSpecific
0,mPonPyg2,hap1,TRG,V,chr6_hap1_hsa7_48112508,chr6_hap1_hsa7,48112508,19999,+,TCTTCCAACTTGGAAGGGACAACGAAGTCAGTCACCGGCCCGACTGGGTCATCTGCTGAAATCACCTGTGATCTTCCTGGAGCAAGTACCTTATACATCCACTGGTACCTATACCAGGAGGGGAAGGCCCCACAGCGTCTTCTGTACTATGAACCCTACTACTTCAGGGTTGTGTTGGAATCAGGAATCAGTCCAGGAAAGTATGACACTGGAAGCACAAGGAGCAGCTGGAATTTGAGACTGCAAAATCTAATTGAAAATGATTCTGGGGTCTATTACTGTGCCACCTGGGATGGG,True,False
1,mPonPyg2,hap1,TRG,V,chr6_hap1_hsa7_48116829,chr6_hap1_hsa7,48116829,24320,+,TCTTCCAACTTGGAAGGGAGAACGAAGTCAGTCACCAGGCCGACTGGGTCATCTGCTGAAATCACTTGTGATCTTCCTGGAGAAAGTACCGTCTACATCCACTGGTACCTGCACCAGGAGGGGAAGGCCCTACAGCGTCTTCTGTACTACGACTCCTACAACTCCAGAGTTGTGCTGGAATCAGGAATCAGTCCAGGGAAGTATGATACTTACGGAAGCACAAGGAAGAACCTGAGATTGATACTGCGAAATCTAATTGAAAATGATTCTGGGGTCTATTACTGTGCCACCTGGGATGGG,True,False
2,mPonPyg2,hap1,TRG,V,chr6_hap1_hsa7_48121187,chr6_hap1_hsa7,48121187,28678,+,TCTTCCAACTTGGAAGGGGGAACGAAGTCAGTCACCAGGCCGACTAGGTCATCTGCTGAAATCACTTGTGATCTTACTGTAACAAATGCCTTCTACATCCACTGGTACCTACACCAGGAGGGGAAGGCCCCACAGCGTCTTCTGTACTATGACGTCTCCAACTCAAGGGATGTGTTGGAATCAGGTCTCAGTCCAGGAAAGTATTATACTCATACACCCAGGTGGTGGAGCTGGATATTGATACTGCGAAATCTAATTGAAAATGATTCTGGGGTCTATTACTGTGCCACCTGGTACAGG,True,True
3,mPonPyg2,hap1,TRG,V,chr6_hap1_hsa7_48125515,chr6_hap1_hsa7,48125515,33006,+,TCTTCCAACTTGGAAGGGGGAATGAAGTCAGTCACCAGGCCGACTGGGTCATCTGCTGAAATCACTTGTGATCTTACTGTAACAAATGCCTTGTACATCCACTGGTACCTACACCAGGAGGGGAAGGCCCCACAGCGTCTTCTGTACTATGACGTCTCCAACTCAAGGGATGTGTTGGAATCAGGTCTCAGTCCGGGAAAGTATTATACTCATACACCCAGGAGGTGGAGCTGGATATTGATACTGCGAAATCTAATTGAAAATGATTCTGGGGTTTATTACTGTGTCACCTGGTACAGG,True,True
4,mPonPyg2,hap1,TRG,V,chr6_hap1_hsa7_48129844,chr6_hap1_hsa7,48129844,37335,+,TCTTCCAACTTGGAAGGGGGAACGAAGTCAGTCACCAGGCCGACTAGGTCATCTGCTGAAATCACTTGTGATCTTACTGTAACAAATGCCTTGTACATCCACTGGTACCTACACCAGGAGGGGAAGGCCCCACAGCGTCTTCTGTACTACGACGTCTCCACCGCAAGAGATGTGTTGGAATCAGGTCTCAGTCCAGGAAAGTATTATACTCATACACCCAGGAGGTGGAGCTGGATATTGAGACTGCAAAATCTAATTGAAAATGATTCTGGGGTCTATTACTGTGCCACCTGGGACAGG,True,False
5,mPonPyg2,hap1,TRG,V,chr6_hap1_hsa7_48144570,chr6_hap1_hsa7,48144570,52061,+,TCTTCCAACTTGGAAGGGAGAACGAAGTCAGTCACCAGGCCAACTGGGTCATTGGCTGTAATCACTTGTGATCTTCCTGTGGAAGATGCCGCCTACATCCACTGGTACCTACACCAGGAGGGGAAGGCCCCACAGCGTCTTCTGTACTATGACGTCTCCACCTCCAAGGTTGTGTTGGAATCAGGAATCAGTCCAGGAAAGTATCAGACTTATGCAAGCACAAGGAGGAGCTTTAGATTTATACTGGAAAACCTAATTGAACATGACTCTGGGGTCTATTACTGTGCCACCTGGGACAGG,True,False
6,mPonPyg2,hap1,TRG,V,chr6_hap1_hsa7_48162524,chr6_hap1_hsa7,48162524,70015,+,GCAGGTCACCTAGAGCAACCTCAAATTTCCAGTACTAAAACGCTGTCAAAAACAGCCCGCCTGGAATGTGTGGTGTCTGGAGTAACAATTTCTGCAACATCTGTATATTGGTATCGAGAAAGACCTGGTGAAGTCGTACAGTTCCTGGTGTCCATTTCATATGACGGCACTGTCAGAAAGGAATCCGGCGTTCCATCAGGCAAATTTGAGGTGGATAGGGTACCTGAAACATCTACATCCACTCTCACCATTCACAATGTAGAGAAACAGGACATAGCTACCTACTACTGTGCCTTGTGGGAGGTG,True,False
7,mPonPyg2,hap1,TRG,V,chr6_hap1_hsa7_48179665,chr6_hap1_hsa7,48179665,87156,+,TTATCAAAAGTGGAGCAGTTCCAGCTATCCATTTCCACAGAAGTCAAGAAAAGTATTGACATACCTTGCAAGATATCGAGCACAAAGTTTGAAACAGATGTCATTCATTGGTACTGGCAGAAACCGAATCAGGCTTTGGAGCACCTGATCTATATTGCCTCAACAAAATCCGCAACTCGAGGCAGCACGGGTAAGATGGGCAACAAAGTGGAGGCAAGAAAGAATTCTCAAACTCTGACTTCAATCCTTACCATCAAGTCCATAGAGAAAGAAGACATGGCCGTTTACTACTGTGCTGCATGGGGTTAC,True,False
8,mPonPyg2,hap1,TRG,V,chr6_hap1_hsa7_48187842,chr6_hap1_hsa7,48187842,95333,+,CTTGGGCAGTTGGAGCAACCTGAAATATCTATTTCCAGACCAACAAATAAGAGTGCCCACATATCTTGGAAGGCATCCATCCAAGGCTTTAGCGGTAAAATCATACACTCACACTGGCAGAAACCAAACCAAGGCTTAGAATATTTATTACATGTCTTCTTGACAATCTCTGCTCAAGATCGCTCAGGTGGGAAGACTAAGAAACTTGAGGTAAGTAAAAATGCTCACACTTCCACTTCCACTTTGAAAATAAATTTCTTAGAGAAAGAAGATGAGGTGGTGTACCACTGCGCCTGCTGGATTAGGCAC,True,False
9,mPonPyg2,hap1,TRG,J,chr6_hap1_hsa7_48207163,chr6_hap1_hsa7,48207163,114655,+,ATACCACTGGTTGGTTCAAGATATTTGCTGAAGGGACAAAGCTCATAGTAACTTCACCTG,,False
10,mPonPyg2,hap1,TRG,J,chr6_hap1_hsa7_48209838,chr6_hap1_hsa7,48209838,117330,+,TGGGCAAGAGTTGGGCAAAAAAATCAAGGTATTTGGTCCCGGAACAAAGCTCATCATTACAG,,False
11,mPonPyg2,hap1,TRG,J,chr6_hap1_hsa7_48213949,chr6_hap1_hsa7,48213949,121441,+,GAATTATTATAAGAAACTCTTTGGCAGTGGAACAACACTTGTTGTCACAG,,False
12,mPonPyg2,hap1,TRG,J,chr6_hap1_hsa7_48227105,chr6_hap1_hsa7,48227105,134597,+,ATAGCACTGATTGGATCAAGACATTTGCAAAAGGGACTAGGCTCATAGTAACTTCGCCTG,,False
13,mPonPyg2,hap1,TRG,J,chr6_hap1_hsa7_48230083,chr6_hap1_hsa7,48230083,121441,+,GAATTATTATAAGAAACTCTTTGGCAGTGGAACAACACTTGTTGTCACAG,,False
